model,lambda,gamma,rho_pi_r0sq,N,peak_time_mean,peak_time_std,peak_magnitude_mean,peak_magnitude_std,extinction_time_mean,extinction_time_std,percolation_prob,percolation_stderr,mse_vs_sars
strong,0.0,0.3,10,318,11.025,12.690326039940818,6.765,4.410416646984727,32.829,23.21330995355897,0.17,0.011878552100319299,nan
strong,0.0,0.3,15,477,17.689,6.452772969816929,32.409,8.970603045503685,43.334,10.85036607677363,0.954,0.006624499981130654,nan
strong,0.0,0.3,20,637,13.492,2.601141287973416,62.878,10.38244267983214,36.022,5.435578718039138,0.988,0.003443254274665176,nan
strong,0.0,0.5,10,318,3.96,5.539711183807329,4.36,3.1209613903411237,13.669,11.076616766865232,0.01,0.003146426544510455,nan
strong,0.0,0.5,15,477,17.675,10.128147658876227,23.65,9.928217362648745,40.029,16.32771138279949,0.841,0.011563693181678596,nan
strong,0.0,0.5,20,637,13.839,3.6319525051960686,57.312,12.655064440768369,29.455,5.906435050011132,0.97,0.0053944415837044735,nan
strong,0.0,0.7,10,318,2.085,3.3340328432695436,3.41,2.6769198717929528,7.902,6.729516773142036,0.001,0.0009994998749374609,nan
strong,0.0,0.7,15,477,13.293,11.492569381996352,15.899,9.244284666754913,31.739,18.65424560254314,0.538,0.015765658882520576,nan
strong,0.0,0.7,20,637,14.375,4.757769960811473,51.831,13.708261705993216,28.665,7.212542894153213,0.955,0.00655553201502365,nan
strong,0.0,1.0,10,318,1.003,1.8278377936786403,2.728,2.354148678397352,4.678,3.5950404726511773,0.0,0.0,nan
strong,0.0,1.0,15,477,6.442,7.503108422513965,9.429,6.557816633606035,17.271,13.61828032462249,0.112,0.00997276290703835,nan
strong,0.0,1.0,20,637,14.715,6.7406064267245265,41.233,14.942045074219259,29.734,10.184559096985986,0.908,0.009139803061335619,nan
strong,0.2,0.3,10,318,12.371,8.050426013572201,23.51,10.851631213785327,35.266,14.880969188866699,0.821,0.012122664723566351,nan
strong,0.2,0.3,15,477,9.308,2.6086655592467194,64.098,14.152257629085192,29.885,5.996980490213387,0.974,0.005032295698784007,nan
strong,0.2,0.3,20,637,7.864,1.5759137032210868,103.824,16.097236533020194,29.013,4.702215541635666,0.99,0.003146426544510456,nan
strong,0.2,0.5,10,318,9.815,8.16117485414937,18.395,11.019027860932198,25.538,14.262347492611445,0.604,0.01546557467409472,nan
strong,0.2,0.5,15,477,9.172,3.2364202446530337,60.107,17.449457040263457,22.16,5.779826987029976,0.94,0.007509993342207438,nan
strong,0.2,0.5,20,637,7.751,1.73867737087707,102.394,19.002967241986184,20.123,3.3394417198088666,0.98,0.0044271887242357325,nan
strong,0.2,0.7,10,318,6.762,6.886607002000332,15.104,10.833059770904987,18.391,12.820847046899827,0.408,0.015541428505771277,nan
strong,0.2,0.7,15,477,8.969,3.5749180410185626,56.897,19.256022200859658,19.403,5.870314386810983,0.918,0.008676174272108645,nan
strong,0.2,0.7,20,637,7.815,1.9190557573973717,100.752,20.539096766898002,16.705,2.9923193345630743,0.973,0.005125524363418832,nan
strong,0.2,1.0,10,318,4.526,5.599225303557627,11.998,9.729028522930747,12.483,10.368013840654342,0.209,0.012857643641040918,nan
strong,0.2,1.0,15,477,8.663,4.241866452400405,51.882,21.93531572601589,17.768,6.843549955980449,0.87,0.010634848376916336,nan
strong,0.2,1.0,20,637,7.711,2.272328981463732,97.372,25.175734666539523,14.399,3.2701374588845646,0.952,0.006759881655768837,nan
strong,0.4,0.3,10,318,8.49,3.536368193500219,39.273,12.930138088976468,27.864,8.275234377345454,0.928,0.00817410545564467,nan
strong,0.4,0.3,15,477,6.874,1.574205831522676,83.722,15.817418120540406,26.793,5.288492318232106,0.979,0.00453420334788814,18.119960411641664
strong,0.4,0.3,20,637,6.293,1.061673678679094,125.677,15.174210720824988,27.305,4.068657641040838,0.994,0.002442130217658347,nan
strong,0.4,0.5,10,318,8.041,3.984886322092514,36.239,15.026572430198446,20.481,7.533633850938071,0.876,0.010422283818818216,nan
strong,0.4,0.5,15,477,6.774,1.7711363583868973,81.989,18.330872292392417,18.265,3.727569583522218,0.965,0.005811626278418119,18.19885626560144
strong,0.4,0.5,20,637,6.249,1.1371011388614471,124.83,17.27967302931395,18.013,2.6066896631551675,0.989,0.0032983329122452166,nan
strong,0.4,0.7,10,318,7.57,4.330484961294751,33.665,16.177910093704934,17.533,7.7634342271961065,0.834,0.011766222843376714,nan
strong,0.4,0.7,15,477,6.652,1.9054910128363243,80.922,20.62032773745364,14.867,3.2913995503432885,0.952,0.006759881655768837,17.883283936542856
strong,0.4,0.7,20,637,6.236,1.2109104013096923,124.35,18.853156234434593,14.345,2.0726733944353124,0.985,0.0038438262187565153,nan
strong,0.4,1.0,10,318,7.047,4.624585494938978,30.676,17.19950650454832,15.353,7.852540416960616,0.774,0.013225883713385657,nan
strong,0.4,1.0,15,477,6.539,2.0905690612845107,78.596,22.97626566698775,12.47,3.197671027482346,0.933,0.007906389820898028,18.124810611389297
strong,0.4,1.0,20,637,6.149,1.3902514161114887,122.233,23.663404467658495,11.435,1.927115720448567,0.972,0.005216895628628201,nan
hub,0.0,0.3,10,318,10.883,12.78707593627253,6.619,4.243328764071905,32.91,23.286689331032008,0.168,0.011822690049223147,nan
hub,0.0,0.3,15,477,17.659,6.118555303337545,32.397,8.731975206103142,43.747,10.48212721731615,0.958,0.006343185319695463,nan
hub,0.0,0.3,20,637,13.483,2.636609754969438,62.242,10.62946075772426,35.978,5.690475902769468,0.987,0.0035820385257559714,nan
hub,0.0,0.5,10,318,3.78,5.163874514354507,4.397,3.1612325128025613,13.457,10.443186822038568,0.008,0.0028170906978654416,nan
hub,0.0,0.5,15,477,17.607,10.274753087057617,23.685,10.099097731975862,39.633,16.04924643090759,0.836,0.011709141727727102,nan
hub,0.0,0.5,20,637,13.98,3.5076487851550935,57.701,11.895360398071174,29.579,5.580480176472272,0.977,0.004740358636221528,nan
hub,0.0,0.7,10,318,2.089,3.311054061775495,3.414,2.7248126541103703,7.894,6.539477349146489,0.001,0.0009994998749374609,nan
hub,0.0,0.7,15,477,13.565,11.420848260965558,15.676,9.144781243966419,31.78,18.80642443421928,0.535,0.015772602828956293,nan
hub,0.0,0.7,20,637,14.202,4.4444567722051245,51.77,13.576638022721236,28.705,6.972802521224876,0.957,0.006414904519944161,nan
hub,0.0,1.0,10,318,1.038,1.903826672783003,2.743,2.3981140506656473,4.924,3.9020794456289587,0.0,0.0,nan
hub,0.0,1.0,15,477,6.618,7.391080841121953,9.714,6.5939520774722045,17.765,13.617333622996831,0.133,0.010738295954200556,nan
hub,0.0,1.0,20,637,14.856,6.880208136386573,41.037,14.856164747336374,29.896,10.095701263409095,0.904,0.009315793041926167,nan
hub,0.2,0.3,10,318,7.096,3.653872466302019,46.247,19.031920318244296,25.07,9.14992349694794,0.878,0.010349685985574635,nan
hub,0.2,0.3,15,477,6.062,1.8622985797127163,101.724,21.03843682406086,25.869,5.409975877949919,0.974,0.005032295698784007,nan
hub,0.2,0.3,20,637,5.271,1.2504235282495288,158.744,23.2754476648678,26.096,4.512514155102452,0.989,0.0032983329122452166,nan
hub,0.2,0.5,10,318,6.487,4.0632291345677265,40.975,21.192790637384213,17.546,7.87222230377166,0.81,0.012405643876881197,nan
hub,0.2,0.5,15,477,5.924,2.101481382263474,97.366,25.97714464678518,17.154,4.223539274115963,0.948,0.007021111023192843,nan
hub,0.2,0.5,20,637,5.253,1.354618396449716,157.178,26.69060351509497,16.847,2.8954431439764106,0.983,0.004087909000944127,nan
hub,0.2,0.7,10,318,5.784,4.2063456824184104,35.57,22.170320250280554,14.396,7.700985910907772,0.736,0.013939296969359681,nan
hub,0.2,0.7,15,477,5.7,2.258760722166029,93.584,31.039248444509735,13.482,3.8253988027393957,0.916,0.008771772910877251,nan
hub,0.2,0.7,20,637,5.218,1.4186176369973693,155.865,29.901885810095656,13.027,2.402555098223556,0.975,0.004937104414532877,nan
hub,0.2,1.0,10,318,5.197,4.532570021522006,28.588,21.077624534088276,12.603,8.176392297339946,0.655,0.015032464867745409,nan
hub,0.2,1.0,15,477,5.524,2.476171238020505,87.612,34.46266756941488,11.152,3.7537842239532093,0.881,0.010239091756596383,nan
hub,0.2,1.0,20,637,5.175,1.5913437717853425,151.759,35.85034057020937,10.093,2.188687049351734,0.958,0.006343185319695463,nan
hub,0.4,0.3,10,318,5.042,1.993046913647544,71.047,21.092908547661224,23.021,6.75089320016248,0.932,0.00796090447122687,nan
hub,0.4,0.3,15,477,4.358,1.1401035040732048,133.596,22.51667790771987,24.143,4.864416820133735,0.981,0.004317290817167639,10.076679528445919
hub,0.4,0.3,20,637,3.945,0.8865523109213579,198.511,23.30600521324922,24.79,4.265430810598151,0.993,0.002636474919281427,nan
hub,0.4,0.5,10,318,4.725,2.132457502507377,67.199,24.86864288617294,14.815,5.044677888626785,0.893,0.009775019181566856,nan
hub,0.4,0.5,15,477,4.315,1.2529066206226225,131.289,26.685529393287293,15.364,3.190220055105917,0.969,0.005480784615363026,10.281592060699554
hub,0.4,0.5,20,637,3.934,0.8863656130514089,197.206,24.887257060592276,15.451,2.3911501416682306,0.991,0.0029864694875387575,nan
hub,0.4,0.7,10,318,4.452,2.2044718188264505,62.921,27.198910989228963,11.251,4.248058262312323,0.855,0.011134406135937382,nan
hub,0.4,0.7,15,477,4.211,1.307852820465667,128.777,31.210563452139084,11.468,2.519717444476662,0.953,0.00669260786241059,10.355870027818728
hub,0.4,0.7,20,637,3.932,0.93347522730922,196.879,28.090111409533428,11.527,1.7422029158510783,0.987,0.0035820385257559714,nan
hub,0.4,1.0,10,318,4.24,2.3728463919942224,58.45,29.110745438755085,9.139,3.9372171644449585,0.813,0.012330085157856779,nan
hub,0.4,1.0,15,477,4.161,1.4018127549712194,126.63,34.50833377606053,8.479,2.0063795752548916,0.939,0.007568289106528638,10.506454108404023
hub,0.4,1.0,20,637,3.865,1.0279956225587734,193.431,35.0117585819393,8.007,1.3729351769111315,0.975,0.004937104414532877,nan
